Domain,IP,User Name,Email,Start Date,Disk Partition,Quota,Disk Space Used,Package,Theme,Owner,Server,Unix Startdate,Disk Space Used (bytes),Quota (bytes),Is Suspended, Suspension Date, Suspension Locked, Suspension Reason, Upgrade Opportunities
101veiculos.com.br,162.214.206.251,brcom101veiculos,assistencia@litoralcar.com.br,2021-01-14 17:14,home,3500,1760,crici470_5GB,jupiter,crici470,dedi-10414352.criciumaautos.com.br,1610655274,1802459,3584000,,,,,
a7motors.com.br,162.214.206.251,amoto848,assistencia@litoralcar.com.br,2022-01-11 16:25,home,500,54,crici470_1GB,jupiter,crici470,dedi-10414352.criciumaautos.com.br,1641929157,56165,512000,,,,,
abveiculossc.com.br,162.214.206.251,abvei546,assistencia@litoralcar.com.br,2021-03-12 08:04,home,250,188,crici470_1GB,jupiter,crici470,dedi-10414352.criciumaautos.com.br,1615547070,192825,256000,,,,,This account has used 75% of its disk quota.
adautomoveis.com.br,162.214.206.251,adaut224,assistencia@litoralcar.com.br,2021-04-08 11:36,home,1000,378,crici470_1GB,jupiter,crici470,dedi-10414352.criciumaautos.com.br,1617892596,387658,1024000,,,,,
affarimotors.com.br,162.214.206.251,affarimotorscom,assistencia@litoralcar.com.br,2021-02-01 14:38,home,1000,766,crici470_1GB,jupiter,crici470,dedi-10414352.criciumaautos.com.br,1612201131,784990,1024000,,,,,This account has used 77% of its disk quota.
alcantaramultimarcas.com.br,162.214.206.251,alcan732,assistencia@litoralcar.com.br,2022-10-26 11:40,home,500,51,crici470_1GB,jupiter,crici470,dedi-10414352.criciumaautos.com.br,1666795255,52861,512000,,,,,
alfamotorscamboriu.com.br,162.214.206.251,alfam557,assistencia@litoralcar.com.br,2022-09-13 08:29,home,500,40,crici470_1GB,jupiter,crici470,dedi-10414352.criciumaautos.com.br,1663068545,41487,512000,,,,,
amgmultimarcas.com.br,162.214.206.251,amgmu432,assistencia@litoralcar.com.br,2020-06-16 13:48,home,250,69,crici470_1GB,jupiter,crici470,dedi-10414352.criciumaautos.com.br,1592326138,71004,256000,,,,,
apisiteslitoralcar.com.br,162.214.206.251,apisiteslitoralc,,2023-04-19 08:17,home,unlimited,86,default,jupiter,root,dedi-10414352.criciumaautos.com.br,1681903044,88361,,,,,,
attoveiculos.com.br,162.214.206.251,attov342,assistencia@litoralcar.com.br,2022-10-11 13:59,home,500,40,crici470_1GB,jupiter,crici470,dedi-10414352.criciumaautos.com.br,1665507580,41864,512000,,,,,
autobrazveiculos.com.br,162.214.206.251,autob118,assistencia@litoralcar.com.br,2022-08-22 11:13,home,500,89,crici470_1GB,jupiter,crici470,dedi-10414352.criciumaautos.com.br,1661177621,91430,512000,1,2023-10-19 14:47,,Financeiro,
autoclassitajai.com.br,162.214.206.251,autoclas,assistencia@litoralcar.com.br,2014-09-12 16:26,home,200,78,undefined,jupiter,crici470,dedi-10414352.criciumaautos.com.br,1410550003,80606,204800,,,,,
autofacilmultimarcas.com,162.214.206.251,autofacilmultima,registro@litoralcar.com.br,2021-04-20 09:05,home,2000,1017,crici470_1GB,jupiter,crici470,dedi-10414352.criciumaautos.com.br,1618920352,1041594,2048000,,,,,
automaisjlle.com.br,162.214.206.251,autom613,assistencia@litoralcar.com.br,2021-09-28 08:43,home,500,324,crici470_1GB,jupiter,crici470,dedi-10414352.criciumaautos.com.br,1632829388,332482,512000,,,,,
automoveisprime.com.br,162.214.206.251,automoveisprimec,assistencia@litoralcar.com.br,2021-02-02 17:16,home,500,41,crici470_1GB,jupiter,crici470,dedi-10414352.criciumaautos.com.br,1612296960,42119,512000,,,,,
autoprimejlle.com.br,162.214.206.251,autop762,assistencia@litoralcar.com.br,2022-12-09 17:29,home,500,50,crici470_1GB,jupiter,crici470,dedi-10414352.criciumaautos.com.br,1670617741,51655,512000,,,,,
autoprimemulti.com.br,162.214.206.251,icaraautoprime,assistencia@litoralcar.com.br,2021-07-21 08:58,home,500,49,crici470_500MB,jupiter,crici470,dedi-10414352.criciumaautos.com.br,1626868684,51188,512000,,,,,This account exceeded its bandwidth quota last month.
autosalesmultimarcas.com.br,162.214.206.251,autosalesmultima,assistencia@litoralcar.com.br,2021-01-29 11:17,home,1200,495,crici470_1GB,jupiter,crici470,dedi-10414352.criciumaautos.com.br,1611929869,507427,1228800,,,,,
autoscriciuma.com.br,162.214.206.251,autoscri,assistencia@litoralcar.com.br,2014-03-26 08:12,home,50,25,undefined,jupiter,crici470,dedi-10414352.criciumaautos.com.br,1395832350,25656,51200,,,,,
autosprotte.com.br,162.214.206.251,autos108,assistencia@litoralcar.com.br,2023-02-10 16:32,home,1000,66,crici470_1GB,jupiter,crici470,dedi-10414352.criciumaautos.com.br,1676057568,68489,1024000,,,,,This account used 81% of its bandwidth quota last month.
autosulveiculos.net,162.214.206.251,autosul,assistencia@litoralcar.com.br,2021-02-03 14:16,home,1000,102,crici470_1GB,jupiter,crici470,dedi-10414352.criciumaautos.com.br,1612372563,104816,1024000,,,,,
autosulveiculossc.com.br,162.214.206.251,autosulv,assistencia@litoralcar.com.br,2014-11-24 11:11,home,800,279,undefined,jupiter,crici470,dedi-10414352.criciumaautos.com.br,1416834712,286209,819200,,,,,
autowapimultimarcas.com.br,162.214.206.251,autow792,assistencia@litoralcar.com.br,2023-01-09 11:47,home,1000,76,crici470_1GB,jupiter,crici470,dedi-10414352.criciumaautos.com.br,1673275630,77852,1024000,,,,,
avsveiculos.com.br,162.214.206.251,avsveiculoscom,assistencia@litoralcar.com.br,2020-04-08 11:01,home,2500,2237,crici470_5GB,jupiter,crici470,dedi-10414352.criciumaautos.com.br,1586354484,2291027,2560000,,,,,This account has used 89% of its disk quota.
benjaautomoveis.com.br,162.214.206.251,benja,assistencia@litoralcar.com.br,2021-02-04 13:50,home,1000,337,crici470_1GB,jupiter,crici470,dedi-10414352.criciumaautos.com.br,1612457451,345673,1024000,,,,,
bestcarautomoveis.com,162.214.206.251,bestc968,assistencia@litoralcar.com.br,2022-10-17 15:53,home,500,37,crici470_1GB,jupiter,crici470,dedi-10414352.criciumaautos.com.br,1666032793,38829,512000,,,,,
brusvel.com.br,162.214.206.251,brusv711,assistencia@litoralcar.com.br,2022-10-04 14:04,home,500,77,crici470_1GB,jupiter,crici470,dedi-10414352.criciumaautos.com.br,1664903069,79787,512000,,,,,
brusvelveiculos.com.br,162.214.206.251,brusv340,assistencia@litoralcar.com.br,2022-10-17 15:01,home,500,7,crici470_1GB,jupiter,crici470,dedi-10414352.criciumaautos.com.br,1666029709,8160,512000,,,,,
bwautomoveis.com.br,162.214.206.251,bwaut670,assistencia@litoralcar.com.br,2021-09-15 08:15,home,500,56,crici470_1GB,jupiter,crici470,dedi-10414352.criciumaautos.com.br,1631704534,57637,512000,,,,,
carangasveiculos.com.br,162.214.206.251,caran999,assistencia@litoralcar.com.br,2022-08-31 10:41,home,1000,61,crici470_1GB,jupiter,crici470,dedi-10414352.criciumaautos.com.br,1661953317,62636,1024000,,,,,
carimbosmundial.com.br,162.214.206.251,carimbos,assistencia@litoralcar.com.br,2021-02-19 13:40,home,1000,399,Reseller Example,jupiter,crici470,dedi-10414352.criciumaautos.com.br,1613752854,408692,1024000,,,,,
carroforteveiculos.com.br,162.214.206.251,carroforteveicul,assistencia@litoralcar.com.br,2021-01-27 16:25,home,2000,1354,crici470_5GB,jupiter,crici470,dedi-10414352.criciumaautos.com.br,1611775514,1386896,2048000,,,,,
carvalhojoalheria.com.br,162.214.206.251,carvalhoj,assistencia@litoralcar.com.br,2021-07-20 13:37,home,500,125,crici470_500MB,jupiter,crici470,dedi-10414352.criciumaautos.com.br,1626799044,128059,512000,,,,,
centermultimarcassc.com.br,162.214.206.251,cente608,assistencia@litoralcar.com.br,2023-01-19 14:01,home,1000,67,crici470_1GB,jupiter,crici470,dedi-10414352.criciumaautos.com.br,1674147686,69185,1024000,,,,,
cervicomercio.com.br,162.214.206.251,cervi486,assistencia@litoralcar.com.br,2021-09-22 09:57,home,250,68,crici470_1GB,jupiter,crici470,dedi-10414352.criciumaautos.com.br,1632315423,69668,256000,,,,,
conecttcarmultimarcas.com.br,162.214.206.251,conecttcarmultim,assistencia@litoralcar.com.br,2020-03-03 09:42,home,1000,97,crici470_1GB,jupiter,crici470,dedi-10414352.criciumaautos.com.br,1583239326,99736,1024000,,,,,This account used 87% of its bandwidth quota last month.
cordeiroautomoveis.com.br,162.214.206.251,corde823,assistencia@litoralcar.com.br,2022-09-05 11:00,home,1000,248,crici470_1GB,jupiter,crici470,dedi-10414352.criciumaautos.com.br,1662386436,254046,1024000,,,,,
criciumaautos.com.br,162.214.206.251,crici470,registro@litoralcar.com.br,2013-09-11 10:04,home,800,171,root_REV1,jupiter,crici470,dedi-10414352.criciumaautos.com.br,1378904667,175346,819200,,,,,
criciumaveiculos.com.br,162.214.206.251,cricivei,assistencia@litoralcar.com.br,2014-03-26 08:14,home,50,30,undefined,jupiter,crici470,dedi-10414352.criciumaautos.com.br,1395832496,31420,51200,,,,,
deliverypersianas.com.br,162.214.206.251,deliveryp,assistencia@litoralcar.com.br,2020-03-31 15:24,home,500,16,undefined,jupiter,crici470,dedi-10414352.criciumaautos.com.br,1585679060,16660,512000,,,,,
divelmultimarcas.com.br,162.214.206.251,divelmul,assistencia@litoralcar.com.br,2015-01-12 16:24,home,111,36,undefined,jupiter,crici470,dedi-10414352.criciumaautos.com.br,1421087040,37132,113664,,,,,
dmmultmarcas.com.br,162.214.206.251,dmmultmarcascom,assistencia@litoralcar.com.br,2020-03-31 13:40,home,1000,67,crici470_1GB,jupiter,crici470,dedi-10414352.criciumaautos.com.br,1585672807,68795,1024000,,,,,
dossmultimarcas.com.br,162.214.206.251,dossm887,assistencia@litoralcar.com.br,2023-03-14 08:14,home,1000,75,crici470_1GB,jupiter,crici470,dedi-10414352.criciumaautos.com.br,1678792496,76831,1024000,,,,,
ducarros.com.br,162.214.206.251,ducar997,assistencia@litoralcar.com.br,2021-04-08 14:57,home,500,34,crici470_1GB,jupiter,crici470,dedi-10414352.criciumaautos.com.br,1617904667,35441,512000,,,,,
edecarveiculos.com.br,162.214.206.251,edeca455,assistencia@litoralcar.com.br,2021-03-02 10:00,home,500,82,crici470_1GB,jupiter,crici470,dedi-10414352.criciumaautos.com.br,1614690018,84297,512000,,,,,
edermotosbrusque.com.br,162.214.206.251,ederm179,assistencia@litoralcar.com.br,2023-03-21 17:17,home,500,40,crici470_1GB,jupiter,crici470,dedi-10414352.criciumaautos.com.br,1679429843,41810,512000,,,,,
efetivapremium.com.br,162.214.206.251,efeti781,assistencia@litoralcar.com.br,2022-08-19 13:30,home,500,8,crici470_1GB,jupiter,crici470,dedi-10414352.criciumaautos.com.br,1660926600,9108,512000,1,2023-10-25 09:33,,Cliente solicitou,
efetivaselect.com.br,162.214.206.251,efeti318,assistencia@litoralcar.com.br,2022-08-19 14:04,home,500,9,crici470_1GB,jupiter,crici470,dedi-10414352.criciumaautos.com.br,1660928654,9460,512000,1,2023-10-25 09:34,,Cliente solicitou,
emailslitoralcar.com.br,162.214.206.251,emails,assistencia@litoralcar.com.br,2018-11-08 08:57,home,500,390,undefined,jupiter,crici470,dedi-10414352.criciumaautos.com.br,1541674661,399432,512000,,,,,This account has used 78% of its disk quota.
flabicar.com.br,162.214.206.251,flabicarcom,assistencia@litoralcar.com.br,2021-01-29 20:59,home,10000,5043,crici470_10GB,jupiter,crici470,dedi-10414352.criciumaautos.com.br,1611964781,5164690,10240000,,,,,This account has reached the fixed block count 5120000.
flammaautomoveis.com.br,162.214.206.251,flammaautomoveis,assistencia@litoralcar.com.br,2021-07-22 13:43,home,2000,1588,crici470_1GB,jupiter,crici470,dedi-10414352.criciumaautos.com.br,1626972189,1626112,2048000,,,,,This account has used 79% of its disk quota.
gmmultimarcasph.com.br,162.214.206.251,gmmul325,assistencia@litoralcar.com.br,2023-03-23 09:18,home,500,47,crici470_1GB,jupiter,crici470,dedi-10414352.criciumaautos.com.br,1679573899,49051,512000,,,,,
grancarmultimarcasbn.com.br,162.214.206.251,granc927,assistencia@litoralcar.com.br,2021-02-22 10:47,home,1000,82,crici470_1GB,jupiter,crici470,dedi-10414352.criciumaautos.com.br,1614001679,84816,1024000,,,,,
grupo101veiculos.com.br,162.214.206.251,grupo101,assistencia@litoralcar.com.br,2018-07-05 10:46,home,6000,4714,undefined,jupiter,crici470,dedi-10414352.criciumaautos.com.br,1530798397,4827776,6144000,,,,,This account has used 79% of its disk quota. This account has used 94% of the block count (5120000).
gruposampaveiculos.com.br,162.214.206.251,grupo973,assistencia@litoralcar.com.br,2022-09-08 13:24,home,1000,74,crici470_1GB,jupiter,crici470,dedi-10414352.criciumaautos.com.br,1662654248,76080,1024000,,,,,
guiveiculos.joinville.br,162.214.206.251,guive287,assistencia@litoralcar.com.br,2021-03-23 13:33,home,1000,320,crici470_1GB,jupiter,crici470,dedi-10414352.criciumaautos.com.br,1616517238,327969,1024000,,,,,
gustavoautomoveisitj.com.br,162.214.206.251,gusta541,assistencia@litoralcar.com.br,2022-10-17 14:16,home,500,34,crici470_1GB,jupiter,crici470,dedi-10414352.criciumaautos.com.br,1666027003,35278,512000,,,,,
hagataveiculos.com.br,162.214.206.251,hagataveiculosco,assistencia@litoralcar.com.br,2021-02-03 13:52,home,250,164,crici470_1GB,jupiter,crici470,dedi-10414352.criciumaautos.com.br,1612371171,167979,256000,,,,,
hamadautomoveis.com.br,162.214.206.251,hamad448,assistencia@litoralcar.com.br,2022-11-25 10:17,home,500,50,crici470_1GB,jupiter,crici470,dedi-10414352.criciumaautos.com.br,1669382257,52162,512000,,,,,
hotelbeirariobrusque.com.br,162.214.206.251,hotelbei,assistencia@litoralcar.com.br,2021-08-10 13:44,home,1500,894,crici470_1GB,jupiter,crici470,dedi-10414352.criciumaautos.com.br,1628613887,916061,1536000,,,,,This account exceeded its bandwidth quota last month.
idealmultimarca.com.br,162.214.206.251,idealmultimarcac,assistencia@litoralcar.com.br,2021-01-28 14:03,home,1000,209,crici470_1GB,jupiter,crici470,dedi-10414352.criciumaautos.com.br,1611853416,214499,1024000,,,,,
igautomoveis.com,162.214.206.251,igaut331,assistencia@litoralcar.com.br,2022-08-17 14:12,home,1000,85,crici470_1GB,jupiter,crici470,dedi-10414352.criciumaautos.com.br,1660756367,87654,1024000,,,,,
in9vearquitetura.com.br,162.214.206.251,in9ve,assistencia@litoralcar.com.br,2021-01-18 16:17,home,1000,130,crici470_1GB,jupiter,crici470,dedi-10414352.criciumaautos.com.br,1610997468,133992,1024000,,,,,
investcarauto.com.br,162.214.206.251,inves518,assistencia@litoralcar.com.br,2020-10-28 09:33,home,500,58,crici470_1GB,jupiter,crici470,dedi-10414352.criciumaautos.com.br,1603888380,59592,512000,1,2023-11-01 11:21,,Financeiro,
ipirangacar.com.br,162.214.206.251,ipirangacarcom,assistencia@litoralcar.com.br,2020-01-30 09:14,home,500,60,crici470_1GB,jupiter,crici470,dedi-10414352.criciumaautos.com.br,1580386442,61775,512000,,,,,
isanmotors.com.br,162.214.206.251,isanmot,assistencia@litoralcar.com.br,2020-03-24 09:08,home,800,115,crici470_1GB,jupiter,crici470,dedi-10414352.criciumaautos.com.br,1585051736,118691,819200,,,,,
ismaelsilva.dev.br,162.214.206.251,ismaelsilva,,2023-04-18 15:20,home,unlimited,49,default,jupiter,root,dedi-10414352.criciumaautos.com.br,1681842050,51160,,,,,,
jairoconsultor.com.br,162.214.206.251,jairo282,assistencia@litoralcar.com.br,2022-10-04 09:27,home,1000,70,crici470_1GB,jupiter,crici470,dedi-10414352.criciumaautos.com.br,1664886471,72053,1024000,,,,,
jbcarros.com.br,162.214.206.251,jbcar820,assistencia@litoralcar.com.br,2022-10-26 15:06,home,500,43,crici470_1GB,jupiter,crici470,dedi-10414352.criciumaautos.com.br,1666807604,44692,512000,,,,,This account used 97% of its bandwidth quota last month.
jcsveiculos.com.br,162.214.206.251,jcsve190,assistencia@litoralcar.com.br,2020-09-23 09:24,home,800,97,undefined,jupiter,crici470,dedi-10414352.criciumaautos.com.br,1600863847,100059,819200,,,,,
jlmautomoveis.com.br,162.214.206.251,jlmau635,assistencia@litoralcar.com.br,2023-04-10 16:58,home,500,40,crici470_1GB,jupiter,crici470,dedi-10414352.criciumaautos.com.br,1681156698,41748,512000,,,,,
joaopradaautomoveis.com.br,162.214.206.251,joaop347,assistencia@litoralcar.com.br,2021-02-12 14:44,home,500,88,crici470_1GB,jupiter,crici470,dedi-10414352.criciumaautos.com.br,1613151858,90687,512000,,,,,
jocarautomoveis.com,162.214.206.251,jocarautomoveis,assistencia@litoralcar.com.br,2021-01-18 15:15,home,500,51,crici470_1GB,jupiter,crici470,dedi-10414352.criciumaautos.com.br,1610993719,52392,512000,,,,,
k2motos.com.br,162.214.206.251,k2motosc,assistencia@litoralcar.com.br,2014-11-11 08:35,home,1000,527,undefined,jupiter,crici470,dedi-10414352.criciumaautos.com.br,1415702142,540187,1024000,,,,,
leomarautomoveis.com.br,162.214.206.251,leoma322,assistencia@litoralcar.com.br,2021-09-14 17:02,home,500,78,crici470_1GB,jupiter,crici470,dedi-10414352.criciumaautos.com.br,1631649777,79943,512000,,,,,
lidermultimarcasjlle.com.br,162.214.206.251,lider449,assistencia@litoralcar.com.br,2021-03-23 09:20,home,250,59,crici470_1GB,jupiter,crici470,dedi-10414352.criciumaautos.com.br,1616502041,60658,256000,1,2023-12-01 11:44,,Financeiro ,
limaautomoveis.com.br,162.214.206.251,limaauto,assistencia@litoralcar.com.br,2021-02-18 10:22,home,1000,108,crici470_1GB,jupiter,crici470,dedi-10414352.criciumaautos.com.br,1613654521,111590,1024000,,,,,
litoralcar.com.br,162.214.206.251,litoral,assistencia@litoralcar.com.br,2014-01-06 11:18,home,50,11,undefined,jupiter,crici470,dedi-10414352.criciumaautos.com.br,1389014308,11748,51200,,,,,
litoralveiculos.com,162.214.206.251,litoralveiculos,assistencia@litoralcar.com.br,2021-01-28 16:39,home,1000,177,crici470_1GB,jupiter,crici470,dedi-10414352.criciumaautos.com.br,1611862780,181379,1024000,,,,,
lyanmultimarcas.com.br,162.214.206.251,lyanm790,assistencia@litoralcar.com.br,2021-08-16 09:19,home,500,61,crici470_1GB,jupiter,crici470,dedi-10414352.criciumaautos.com.br,1629116382,62519,512000,1,2023-10-02 15:15,,Financeiro,
macarmultimarcas.com.br,162.214.206.251,macarmultimarcas,assistencia@litoralcar.com.br,2021-01-13 15:44,home,1093,684,crici470_1GB,jupiter,crici470,dedi-10414352.criciumaautos.com.br,1610563492,700650,1119232,,,,,
madriautomoveis.com.br,162.214.206.251,madriaut,assistencia@litoralcar.com.br,2014-07-21 14:45,home,500,109,undefined,jupiter,crici470,dedi-10414352.criciumaautos.com.br,1405964754,111707,512000,,,,,
maguinhoautomoveis.com.br,162.214.206.251,magui222,assistencia@litoralcar.com.br,2021-03-23 14:21,home,250,44,crici470_1GB,jupiter,crici470,dedi-10414352.criciumaautos.com.br,1616520068,45584,256000,,,,,
mannesautomoveis.com.br,162.214.206.251,mannes,assistencia@litoralcar.com.br,2021-04-20 10:15,home,200,162,crici470_200MB,jupiter,crici470,dedi-10414352.criciumaautos.com.br,1618924500,166804,204800,,,,,This account exceeded its bandwidth quota last month. This account has used 81% of its disk quota.
mateusautomoveis.com.br,162.214.206.251,mateu338,assistencia@litoralcar.com.br,2021-09-20 11:26,home,500,50,crici470_1GB,jupiter,crici470,dedi-10414352.criciumaautos.com.br,1632147974,51465,512000,,,,,
maxcarmultimarcas.com.br,162.214.206.251,maxcarmultimarca,assistencia@litoralcar.com.br,2021-02-23 15:18,home,1000,483,crici470_1GB,jupiter,crici470,dedi-10414352.criciumaautos.com.br,1614104333,494627,1024000,,,,,
mcveiculos.com.br,162.214.206.251,mcvei723,assistencia@litoralcar.com.br,2023-01-18 09:03,home,1000,245,crici470_1GB,jupiter,crici470,dedi-10414352.criciumaautos.com.br,1674043424,251274,1024000,,,,,
mellosautomoveis.com.br,162.214.206.251,mellosautomoveis,assistencia@litoralcar.com.br,2021-07-21 09:41,home,1500,546,crici470_1GB,jupiter,crici470,dedi-10414352.criciumaautos.com.br,1626871311,559628,1536000,,,,,This account used 75% of its bandwidth quota last month.
mendesveiculos.com.br,162.214.206.251,mendesve,assistencia@litoralcar.com.br,2021-07-21 09:05,home,1000,438,crici470_1GB,jupiter,crici470,dedi-10414352.criciumaautos.com.br,1626869143,448611,1024000,,,,,
mercadosc.com.br,162.214.206.251,mercado,assistencia@litoralcar.com.br,2021-08-05 09:15,home,25000,3993,undefined,jupiter,crici470,dedi-10414352.criciumaautos.com.br,1628165732,4089178,25600000,,,,,This account has used 80% of the block count (5120000).
mercerveiculos.com.br,162.214.206.251,mercer,assistencia@litoralcar.com.br,2018-11-06 13:42,home,4000,2525,undefined,jupiter,crici470,dedi-10414352.criciumaautos.com.br,1541518948,2585782,4096000,,,,,
mgsmultimarcas.com,162.214.206.251,mgsmu798,assistencia@litoralcar.com.br,2023-01-24 16:01,home,1000,71,crici470_1GB,jupiter,crici470,dedi-10414352.criciumaautos.com.br,1674586905,72963,1024000,,,,,
mkarveiculos.com.br,162.214.206.251,mkarveic,assistencia@litoralcar.com.br,2014-01-07 11:32,home,800,232,undefined,jupiter,crici470,dedi-10414352.criciumaautos.com.br,1389101538,237983,819200,,,,,
mmselectcar.com.br,162.214.206.251,mmsel793,assistencia@litoralcar.com.br,2023-01-11 10:36,home,500,43,crici470_1GB,jupiter,crici470,dedi-10414352.criciumaautos.com.br,1673444199,44403,512000,1,2023-12-01 11:48,,Financeiro,
msconcretos.com.br,162.214.206.251,msconcretoscom,assistencia@litoralcar.com.br,2019-10-18 09:53,home,1500,1087,undefined,jupiter,crici470,dedi-10414352.criciumaautos.com.br,1571403229,1113914,1536000,,,,,
multiautocamionetes.com.br,162.214.206.251,multiete,assistencia@litoralcar.com.br,2014-07-18 08:59,home,800,132,crici470_500MB,jupiter,crici470,dedi-10414352.criciumaautos.com.br,1405684799,135905,819200,,,,,
multisupply.com.br,162.214.206.251,multisup,assistencia@litoralcar.com.br,2013-09-11 11:24,home,1000,968,crici470_5GB,jupiter,crici470,dedi-10414352.criciumaautos.com.br,1378909469,991656,1024000,,,,,This account has used 97% of its disk quota.
nivacarveiculos.com.br,162.214.206.251,nivacar,assistencia@litoralcar.com.br,2021-02-23 15:44,home,1000,155,crici470_1GB,jupiter,crici470,dedi-10414352.criciumaautos.com.br,1614105842,159572,1024000,,,,,
paddockautocenter.com.br,162.214.206.251,paddocka,jeronimo@litoralcar.com.br,2021-01-26 11:01,home,1000,999,crici470_1GB,jupiter,crici470,dedi-10414352.criciumaautos.com.br,1611669665,1023604,1024000,,,,,This account has reached its disk quota.
pinheiraoautomoveis.com.br,162.214.206.251,pinhe617,assistencia@litoralcar.com.br,2023-01-19 15:20,home,1000,68,crici470_1GB,jupiter,crici470,dedi-10414352.criciumaautos.com.br,1674152414,70623,1024000,,,,,
pityautomoveis.com.br,162.214.206.251,pityautomoveisco,assistencia@litoralcar.com.br,2021-02-03 13:46,home,200,104,crici470_200MB,jupiter,crici470,dedi-10414352.criciumaautos.com.br,1612370787,107137,204800,,,,,
platinamultimarcas.com.br,162.214.206.251,platinamultimarc,assistencia@litoralcar.com.br,2020-03-05 10:20,home,1000,94,crici470_1GB,jupiter,crici470,dedi-10414352.criciumaautos.com.br,1583414420,96381,1024000,,,,,
pointcarsc.com.br,162.214.206.251,pointcarsccom,assistencia@litoralcar.com.br,2019-12-18 08:19,home,1000,72,crici470_1GB,jupiter,crici470,dedi-10414352.criciumaautos.com.br,1576667942,74005,1024000,,,,,
portalveiculospenha.com.br,162.214.206.251,porta836,assistencia@litoralcar.com.br,2021-09-20 11:05,home,500,47,crici470_1GB,jupiter,crici470,dedi-10414352.criciumaautos.com.br,1632146744,49089,512000,,,,,
portoveiculosmultimarcas.com.br,162.214.206.251,portovei,assistencia@litoralcar.com.br,2021-02-23 15:50,home,1000,70,crici470_1GB,jupiter,crici470,dedi-10414352.criciumaautos.com.br,1614106203,72212,1024000,,,,,
prettycarveiculos.com.br,162.214.206.251,pretty,assistencia@litoralcar.com.br,2021-02-01 09:16,home,1000,189,crici470_1GB,jupiter,crici470,dedi-10414352.criciumaautos.com.br,1612181779,194045,1024000,,,,,
promocarveiculos.com.br,162.214.206.251,promocarveiculos,assistencia@litoralcar.com.br,2019-12-17 16:51,home,1000,162,crici470_1GB,jupiter,crici470,dedi-10414352.criciumaautos.com.br,1576612314,165888,1024000,,,,,
q3motors.com.br,162.214.206.251,qmoto923,assistencia@litoralcar.com.br,2021-08-18 16:17,home,500,62,crici470_1GB,jupiter,crici470,dedi-10414352.criciumaautos.com.br,1629314268,63901,512000,,,,,
ralymultimarcas.com.br,162.214.206.251,ralymult,assistencia@litoralcar.com.br,2021-04-13 14:54,home,250,59,crici470_5GB,jupiter,crici470,dedi-10414352.criciumaautos.com.br,1618336486,61424,256000,,,,,
reautomultimarcas.com.br,162.214.206.251,reautomultimarca,assistencia@litoralcar.com.br,2021-01-29 14:56,home,1000,129,crici470_1GB,jupiter,crici470,dedi-10414352.criciumaautos.com.br,1611942967,132344,1024000,,,,,
remotorsfloripa.com.br,162.214.206.251,remot537,assistencia@litoralcar.com.br,2022-08-24 08:26,home,1000,94,crici470_1GB,jupiter,crici470,dedi-10414352.criciumaautos.com.br,1661340392,97017,1024000,,,,,
rmveiculoss.com.br,162.214.206.251,rmvei657,assistencia@litoralcar.com.br,2022-11-23 16:00,home,500,51,crici470_1GB,jupiter,crici470,dedi-10414352.criciumaautos.com.br,1669230055,52476,512000,,,,,
rodrigoautocar.com.br,162.214.206.251,rodri412,assistencia@litoralcar.com.br,2021-08-30 16:28,home,500,308,crici470_1GB,jupiter,crici470,dedi-10414352.criciumaautos.com.br,1630351704,316366,512000,,,,,This account exceeded its bandwidth quota last month.
rotasulmultimarcas.com.br,162.214.206.251,rotas863,assistencia@litoralcar.com.br,2021-02-24 08:39,home,1000,88,crici470_1GB,jupiter,crici470,dedi-10414352.criciumaautos.com.br,1614166769,90355,1024000,,,,,
rrautomoveissc.com.br,162.214.206.251,rraut651,assistencia@litoralcar.com.br,2022-10-25 16:19,home,500,52,crici470_1GB,jupiter,crici470,dedi-10414352.criciumaautos.com.br,1666725574,53306,512000,,,,,
santinhoautomoveis.com.br,162.214.206.251,santiaut,assistencia@litoralcar.com.br,2021-02-10 16:15,home,1000,277,crici470_1GB,jupiter,crici470,dedi-10414352.criciumaautos.com.br,1612984513,284236,1024000,,,,,
sgiveiculos.com.br,162.214.206.251,sgiveicu,assistencia@litoralcar.com.br,2021-07-20 15:04,home,50,13,crici470_1GB,jupiter,crici470,dedi-10414352.criciumaautos.com.br,1626804290,14300,51200,,,,,
sidcarautomoveis.com.br,162.214.206.251,sidca877,assistencia@litoralcar.com.br,2022-09-15 17:08,home,1000,68,crici470_1GB,jupiter,crici470,dedi-10414352.criciumaautos.com.br,1663272488,70600,1024000,,,,,This account used 76% of its bandwidth quota last month.
sigveiculos.com.br,162.214.206.251,sigveicu,assistencia@litoralcar.com.br,2021-07-20 14:47,home,250,60,crici470_1GB,jupiter,crici470,dedi-10414352.criciumaautos.com.br,1626803225,61720,256000,,,,,
simasautomoveis.com.br,162.214.206.251,simasautomoveisc,assistencia@litoralcar.com.br,2021-02-22 13:56,home,5000,4096,crici470_10GB,jupiter,crici470,dedi-10414352.criciumaautos.com.br,1614012964,4194554,5120000,,,,,This account has used 82% of its disk quota. This account has used 82% of the block count (5120000).
sistemasgi.com.br,162.214.206.251,sistemsg,assistencia@litoralcar.com.br,2021-07-20 15:06,home,50,3,crici470_1GB,jupiter,crici470,dedi-10414352.criciumaautos.com.br,1626804412,3996,51200,,,,,
soarveiculos.com.br,162.214.206.251,soarv555,assistencia@litoralcar.com.br,2020-09-23 08:12,home,500,67,undefined,jupiter,crici470,dedi-10414352.criciumaautos.com.br,1600859528,69249,512000,,,,,
stiasantos.com.br,162.214.206.251,stiasant,assistencia@litoralcar.com.br,2014-07-15 08:21,home,1150,667,undefined,jupiter,crici470,dedi-10414352.criciumaautos.com.br,1405423298,683400,1177600,,,,,
studiohomecar.com.br,162.214.206.251,studi362,assistencia@litoralcar.com.br,2023-02-09 16:40,home,500,33,crici470_1GB,jupiter,crici470,dedi-10414352.criciumaautos.com.br,1675971658,34041,512000,,,,,
stylomultimarcas.com.br,162.214.206.251,stylomultimarcas,assistencia@litoralcar.com.br,2015-02-24 10:37,home,1000,386,crici470_1GB,jupiter,crici470,dedi-10414352.criciumaautos.com.br,1424785062,396018,1024000,,,,,
supermottos.com,162.214.206.251,supermottos,assistencia@litoralcar.com.br,2021-07-20 16:33,home,500,130,crici470_1GB,jupiter,crici470,dedi-10414352.criciumaautos.com.br,1626809632,133530,512000,,,,,
sw4camionetas.com.br,162.214.206.251,sw4cam,assistencia@litoralcar.com.br,2021-04-20 08:35,home,1000,192,crici470_1GB,jupiter,crici470,dedi-10414352.criciumaautos.com.br,1618918545,196949,1024000,,,,,
t1incorporadora.com.br,162.214.206.251,t1incorp,assistencia@litoralcar.com.br,2021-01-28 15:52,home,3500,2582,crici470_5GB,jupiter,crici470,dedi-10414352.criciumaautos.com.br,1611859954,2644033,3584000,,,,,
tecelagemrosana.com.br,162.214.206.251,tecelage,assistencia@litoralcar.com.br,2021-07-20 13:53,home,1200,412,crici470_500MB,jupiter,crici470,dedi-10414352.criciumaautos.com.br,1626800013,422462,1228800,,,,,
technovidros.com.br,162.214.206.251,technovi,registro@litoralcar.com.br,2021-01-26 10:13,home,200,102,crici470_200MB,jupiter,crici470,dedi-10414352.criciumaautos.com.br,1611666806,104748,204800,,,,,
teste54.litoralcar.com.br,162.214.206.251,internetwork,,2022-05-16 09:05,home,250,6,Reseller Example,jupiter,crici470,dedi-10414352.criciumaautos.com.br,1652702706,6344,256000,,,,,
testoniveiculos.com.br,162.214.206.251,wtesto170,assistencia@litoralcar.com.br,2021-02-25 15:43,home,500,51,crici470_1GB,jupiter,crici470,dedi-10414352.criciumaautos.com.br,1614278635,52686,512000,1,2023-11-01 11:36,,Financeiro,
thiagoautomoveisjlle.com.br,162.214.206.251,thiagoautomoveis,assistencia@litoralcar.com.br,2020-02-03 08:20,home,800,106,crici470_1GB,jupiter,crici470,dedi-10414352.criciumaautos.com.br,1580728823,109238,819200,,,,,
thumb.net.br,162.214.206.251,thumb,"maiconrodrigooliveira@gmail.com, luizzhenrike@hotmail.com",2018-09-28 11:08,home,10000,5961,undefined,jupiter,crici470,dedi-10414352.criciumaautos.com.br,1538143693,6104936,10240000,,,,,This account has reached the fixed block count 5120000.
tonicenter.com.br,162.214.206.251,sistoni,assistencia@litoralcar.com.br,2021-01-28 16:52,home,5000,3197,crici470_5GB,jupiter,crici470,dedi-10414352.criciumaautos.com.br,1611863520,3274041,5120000,,,,,
topclassveiculos.com.br,162.214.206.251,topclassveiculos,assistencia@litoralcar.com.br,2020-02-18 09:12,home,1000,917,crici470_1GB,jupiter,crici470,dedi-10414352.criciumaautos.com.br,1582027963,939942,1024000,,,,,This account has used 92% of its disk quota.
topvelmultimarcas.com.br,162.214.206.251,topve654,assistencia@litoralcar.com.br,2022-02-16 14:36,home,1000,133,crici470_1GB,jupiter,crici470,dedi-10414352.criciumaautos.com.br,1645033017,136511,1024000,,,,,
totalsulimport.com.br,162.214.206.251,totalsulimport,assistencia@litoralcar.com.br,2021-04-20 08:08,home,200,125,crici470_200MB,jupiter,crici470,dedi-10414352.criciumaautos.com.br,1618916933,128677,204800,,,,,
touromultimarcas.com.br,162.214.206.251,touro157,assistencia@litoralcar.com.br,2021-11-19 10:23,home,250,85,crici470_1GB,jupiter,crici470,dedi-10414352.criciumaautos.com.br,1637328212,87909,256000,,,,,This account used 79% of its bandwidth quota last month.
trevoautomoveissc.com.br,162.214.206.251,trevocom,assistencia@litoralcar.com.br,2021-02-23 15:38,home,250,90,crici470_1GB,jupiter,crici470,dedi-10414352.criciumaautos.com.br,1614105507,92849,256000,,,,,
v8multimarcassc.com.br,162.214.206.251,v8multimarcasscc,assistencia@litoralcar.com.br,2021-04-20 08:18,home,1000,541,crici470_1GB,jupiter,crici470,dedi-10414352.criciumaautos.com.br,1618917522,554946,1024000,,,,,
valentimcaminhoes.com.br,162.214.206.251,valentim,assistencia@litoralcar.com.br,2013-09-11 15:53,home,2000,1353,crici470_5GB,jupiter,crici470,dedi-10414352.criciumaautos.com.br,1378925602,1385983,2048000,,,,,
vanioautomoveis.com.br,162.214.206.251,vanio819,assistencia@litoralcar.com.br,2021-01-13 08:10,home,1093,148,crici470_1GB,jupiter,crici470,dedi-10414352.criciumaautos.com.br,1610536257,152300,1119232,,,,,
vigilmonitoramento.com.br,162.214.206.251,vigil,assistencia@litoralcar.com.br,2021-01-28 14:25,home,1000,165,crici470_1GB,jupiter,crici470,dedi-10414352.criciumaautos.com.br,1611854757,169427,1024000,,,,,This account has used 79% of its bandwidth quota for this month. This account exceeded its bandwidth quota last month.
villecarautomoveis.com.br,162.214.206.251,villecarautomove,assistencia@litoralcar.com.br,2020-03-16 10:51,home,1000,72,crici470_1GB,jupiter,crici470,dedi-10414352.criciumaautos.com.br,1584366717,74327,1024000,,,,,This account used 75% of its bandwidth quota last month.
vinhosdeadega.com.br,162.214.206.251,vinho131,assistencia@litoralcar.com.br,2020-10-20 13:33,home,220,45,crici470_200MB,jupiter,crici470,dedi-10414352.criciumaautos.com.br,1603211581,46108,225280,,,,,
waldrigues.com.br,162.214.206.251,waldrigu,assistencia@litoralcar.com.br,2014-03-05 17:18,home,1500,978,undefined,jupiter,crici470,dedi-10414352.criciumaautos.com.br,1394050690,1001960,1536000,,,,,
wamacobrancas.com.br,162.214.206.251,wamacobrancas,assistencia@litoralcar.com.br,2021-02-02 20:44,home,1500,1058,crici470_5GB,jupiter,crici470,dedi-10414352.criciumaautos.com.br,1612309477,1083414,1536000,,,,,
xcarautomoveis.com.br,162.214.206.251,xcara995,assistencia@litoralcar.com.br,2020-09-08 11:33,home,750,123,undefined,jupiter,crici470,dedi-10414352.criciumaautos.com.br,1599575602,126187,768000,,,,,
zucco.ind.br,162.214.206.251,zuccoind,assistencia@litoralcar.com.br,2014-04-11 11:40,home,5000,2148,undefined,jupiter,crici470,dedi-10414352.criciumaautos.com.br,1397227246,2200536,5120000,,,,,
zuccoequipamentosceramicos.com.br,162.214.206.251,zuccoeq,assistencia@litoralcar.com.br,2014-01-23 11:34,home,200,26,undefined,jupiter,crici470,dedi-10414352.criciumaautos.com.br,1390484073,27314,204800,,,,,
zuccoseguros.com.br,162.214.206.251,zuccoseg,assistencia@litoralcar.com.br,2021-01-25 16:43,home,1000,860,crici470_1GB,jupiter,crici470,dedi-10414352.criciumaautos.com.br,1611603785,881600,1024000,,,,,This account has used 86% of its disk quota.
